{
    "checkpoint": "../../Webis-CausalQA-22-v-2.0/models/original_splits/gooaq-original-split",
    "metrics": {
        "f1": 0.0012894906511927786,
        "em": 0.0,
        "rougeL_precision": 0.0006587615283267457,
        "rougeL_recall": 0.030303030303030304,
        "rougeL_f1": 0.0012894906511927786,
        "samples_f1": [
            0,
            0,
            0,
            0,
            0,
            0,
            0,
            0,
            0,
            0,
            0,
            0,
            0,
            0,
            0,
            0,
            0,
            0,
            0,
            0,
            0,
            0,
            0,
            0,
            0,
            0.042553191489361694,
            0,
            0,
            0,
            0,
            0,
            0,
            0
        ],
        "samples_exact_match": [
            0,
            0,
            0,
            0,
            0,
            0,
            0,
            0,
            0,
            0,
            0,
            0,
            0,
            0,
            0,
            0,
            0,
            0,
            0,
            0,
            0,
            0,
            0,
            0,
            0,
            0,
            0,
            0,
            0,
            0,
            0,
            0,
            0
        ],
        "samples_rougeL_precision": [
            0.0,
            0,
            0.0,
            0.0,
            0.0,
            0.0,
            0.0,
            0,
            0,
            0,
            0,
            0,
            0,
            0,
            0,
            0,
            0,
            0,
            0,
            0.0,
            0.0,
            0.0,
            0.0,
            0.0,
            0.0,
            0.021739130434782608,
            0.0,
            0,
            0.0,
            0.0,
            0.0,
            0,
            0.0
        ],
        "samples_rougeL_recall": [
            0.0,
            0,
            0.0,
            0.0,
            0.0,
            0.0,
            0.0,
            0,
            0,
            0,
            0,
            0,
            0,
            0,
            0,
            0,
            0,
            0,
            0,
            0.0,
            0.0,
            0.0,
            0.0,
            0.0,
            0.0,
            1.0,
            0.0,
            0,
            0.0,
            0.0,
            0.0,
            0,
            0.0
        ],
        "samples_rougeL_f1": [
            0.0,
            0,
            0.0,
            0.0,
            0.0,
            0.0,
            0.0,
            0,
            0,
            0,
            0,
            0,
            0,
            0,
            0,
            0,
            0,
            0,
            0,
            0.0,
            0.0,
            0.0,
            0.0,
            0.0,
            0.0,
            0.042553191489361694,
            0.0,
            0,
            0.0,
            0.0,
            0.0,
            0,
            0.0
        ]
    },
    "predictions": [
        "a blood pressure medication can cause a urinary retention. if you're taking a blood pressure medication, you may have a urinary retention problem.",
        "folic acid is a vitamin that helps protect the brain from damage. it can also help prevent the body from absorbing folic acid. if you have a folic acid deficiency, you should consult your doctor.",
        "if you have mitral valve prolapse, you may experience a sudden loss of consciousness, which may lead to a sudden loss of consciousness. this is called mitral valve prolapse. this is a condition that can cause a person to experience a sudden loss of consciousness.",
        "a new study has found that prozac can cause violent outbursts. the study was conducted by the american society of psychiatrists (asda) in july and may be a good indicator of the effects of prozac on violent outbursts.",
        "birth control pills can cause hair loss, but there are several things you can do to help prevent it. first, you should consider taking the pill as a way to prevent hair loss.",
        "the u.s. entered the gulf war in 1815.... the u.s. entered the war in 1815 because it was unable to defeat the british.... the u.s. entered the war in 1815 because it was unable to defeat the british.",
        "a mutation in a plant is a process that occurs when a plant's chromosome is damaged by a mutation.... the process of chromosome destruction is called chromosome destruction. chromosome destruction is caused by a mutation in a plant's chromosome.",
        "['dizziness.', 'drowsiness.', 'dizziness.', 'headache.', 'dizziness.', 'drowsiness.', 'dizziness.', 'dizziness.']",
        "['dizziness.', 'drowsiness.', 'dizziness.', 'headache.', 'dizziness.', 'drowsiness.', 'dizziness.', 'dizziness.']",
        "['dizziness.', 'drowsiness.', 'dizziness.', 'dizziness.', 'headache.', 'dizziness.', 'drowsiness.', 'dizziness.']",
        "['dizziness.', 'headache.','stomach pain.', 'nausea.','stomach pain.','sleep problems.', 'dizziness.','sleep problems.']",
        "['diarrhea.', 'dizziness.', 'dizziness.', 'dizziness.', 'dizziness.', 'dizziness.', 'dizziness.', 'dizziness.']",
        "['stomach pain.','stomach pain.','stomach pain.','stomach pain.','stomach pain.','stomach pain.','stomach pain.','stomach pain.']",
        "['dizziness.', 'headache.', 'dizziness.', 'drowsiness.', 'dizziness.', 'dizziness.', 'drowsiness.', 'dizziness.', 'drowsiness.']",
        "['dizziness.', 'drowsiness.', 'dizziness.', 'dizziness.', 'dizziness.', 'drowsiness.', 'dizziness.', 'dizziness.']",
        "['diarrhea.', 'dizziness.', 'headache.', 'drowsiness.', 'dizziness.', 'dizziness.', 'drowsiness.', 'dizziness.']",
        "['dizziness.', 'drowsiness.', 'dizziness.', 'headache.', 'dizziness.', 'dizziness.', 'dizziness.', 'drowsiness.']",
        "['diarrhea.', 'dizziness.', 'headache.', 'dizziness.', 'drowsiness.', 'dizziness.','sleep problems.', 'dizziness.']",
        "['clean your vehicle.... ','reduce the amount of pollution you're exposed to.... ','reduce the amount of pollution you're exposed to.... ','reduce the amount of pollution you're exposed to.... ','reduce the amount of pollution you're exposed to.... ','reduce the amount of pollution.']",
        "enlarged lymph nodes in the intestines are caused by a number of factors.... a number of factors can cause enlarged lymph nodes in the intestines, including: infection. a number of factors can cause enlarged lymph nodes in the intestines.",
        "if your heart rate is below 60, it means you're not getting enough oxygen. if you're unable to pump enough oxygen, your heart will not pump enough oxygen to your body. if your heart isn't pumping enough oxygen, it's going to be unable to pump enough oxygen to your body.",
        "almond milk is a type of milk that contains a lot of protein.... almond milk is a type of milk that contains a lot of protein, but it is not a protein.... almond milk is a type of milk that contains a lot of protein, but it is not a protein.",
        "fetal kick counts are important because they are used to measure the amount of blood in the uterus.... the number of kicks in the uterus is important because it is used to measure the amount of blood in the uterus.",
        "trump added that flags will again be flown at half-staff on monday to honor the men and women who died while serving in the u.s. military. the national flag is dropped to half its normal height at times when the nation is in mourning or after a national tragedy.",
        "the main reason unicellular organisms have different structures is because they are able to make different kinds of organisms.... unicellular organisms are able to make different types of organisms.... unicellular organisms are able to make different types of organisms.",
